id_koicand,cks_disp,morton_disp,mullaly_disp,nea_disp
K00001.01,CP,CP,CP,CP
K00002.01,CP,CP,CP,CP
K00003.01,CP,CP,CP,CP
K00006.01,FP,FP,FP,FP
K00007.01,CP,CP,CP,CP
K00008.01,FP,FP,FP,FP
K00010.01,CP,CP,CP,CP
K00017.01,CP,CP,CP,CP
K00018.01,CP,CP,CP,CP
K00020.01,CP,CP,CP,CP
K00022.01,CP,CP,CP,CP
K00041.01,CP,CP,CP,CP
K00041.02,CP,CP,CP,CP
K00041.03,CP,CP,CP,CP
K00042.01,CP,CP,CP,CP
K00046.01,CP,CP,CP,CP
K00046.02,CP,CP,CP,CP
K00049.01,CP,PC,CP,CP
K00063.01,CP,CP,CP,CP
K00064.01,PC,PC,ND,PC
K00069.01,CP,CP,CP,CP
K00070.01,CP,CP,CP,CP
K00070.02,CP,CP,CP,CP
K00070.03,CP,CP,CP,CP
K00070.04,CP,CP,CP,CP
K00070.05,CP,CP,CP,CP
K00072.01,CP,CP,CP,CP
K00072.02,CP,CP,CP,CP
K00075.01,PC,PC,PC,PC
K00082.01,CP,CP,CP,CP
K00082.02,CP,CP,CP,CP
K00082.03,CP,CP,CP,CP
K00082.04,CP,CP,CP,CP
K00082.05,CP,CP,CP,CP
K00084.01,CP,CP,CP,CP
K00085.01,CP,CP,CP,CP
K00085.02,CP,CP,CP,CP
K00085.03,CP,CP,CP,CP
K00087.01,CP,CP,CP,CP
K00092.01,PC,PC,PC,PC
K00094.01,CP,CP,CP,CP
K00094.02,CP,CP,CP,CP
K00094.03,CP,CP,CP,CP
K00094.04,CP,CP,CP,CP
K00097.01,CP,CP,CP,CP
K00098.01,CP,CP,CP,CP
K00099.01,PC,nodata,ND,PC
K00099.02,FP,nodata,FP,FP
K00102.01,PC,PC,ND,PC
K00102.02,FP,FP,ND,FP
K00103.01,PC,PC,ND,PC
K00104.01,CP,CP,CP,CP
K00105.01,CP,PC,CP,CP
K00107.01,CP,PC,CP,CP
K00108.01,CP,CP,CP,CP
K00108.02,CP,CP,CP,CP
K00110.01,CP,PC,CP,CP
K00111.01,CP,CP,CP,CP
K00111.02,CP,CP,CP,CP
K00111.03,CP,CP,CP,CP
K00111.04,FP,nodata,ND,FP
K00112.01,CP,PC,CP,CP
K00112.02,CP,PC,CP,CP
K00113.01,FP,nodata,FP,FP
K00115.01,CP,CP,CP,CP
K00115.02,CP,CP,CP,CP
K00115.03,PC,nodata,ND,PC
K00116.01,CP,CP,CP,CP
K00116.02,CP,CP,CP,CP
K00116.03,CP,CP,CP,CP
K00116.04,CP,CP,CP,CP
K00117.01,CP,CP,CP,CP
K00117.02,CP,CP,CP,CP
K00117.03,CP,CP,CP,CP
K00117.04,CP,CP,CP,CP
K00118.01,CP,PC,CP,CP
K00119.01,CP,CP,CP,CP
K00119.02,CP,CP,CP,CP
K00122.01,CP,CP,CP,CP
K00123.01,CP,CP,CP,CP
K00123.02,CP,CP,CP,CP
K00124.01,CP,CP,CP,CP
K00124.02,CP,CP,CP,CP
K00127.01,CP,CP,CP,CP
K00128.01,CP,CP,CP,CP
K00134.01,FP,nodata,ND,FP
K00135.01,CP,CP,CP,CP
K00137.01,CP,CP,CP,CP
K00137.02,CP,CP,CP,CP
K00137.03,CP,CP,CP,CP
K00139.01,CP,CP,CP,CP
K00139.02,CP,CP,CP,CP
K00141.01,PC,PC,ND,PC
K00142.01,CP,nodata,CP,CP
K00142.02,FP,nodata,ND,FP
K00144.01,CP,PC,CP,CP
K00145.01,PC,PC,PC,PC
K00148.01,CP,CP,CP,CP
K00148.02,CP,CP,CP,CP
K00148.03,CP,CP,CP,CP
K00149.01,CP,PC,CP,CP
K00150.01,CP,CP,CP,CP
K00150.02,CP,CP,CP,CP
K00152.01,CP,CP,CP,CP
K00152.02,CP,CP,CP,CP
K00152.03,CP,CP,CP,CP
K00152.04,CP,CP,CP,CP
K00153.01,CP,CP,CP,CP
K00153.02,CP,CP,CP,CP
K00155.01,CP,PC,CP,CP
K00156.01,CP,CP,CP,CP
K00156.02,CP,CP,CP,CP
K00156.03,CP,CP,CP,CP
K00157.01,CP,CP,CP,CP
K00157.02,CP,CP,CP,CP
K00157.03,CP,CP,CP,CP
K00157.04,CP,CP,CP,CP
K00157.05,CP,CP,CP,CP
K00157.06,CP,CP,CP,CP
K00159.01,CP,CP,CP,CP
K00159.02,CP,CP,CP,CP
K00161.01,CP,PC,CP,CP
K00162.01,CP,PC,CP,CP
K00163.01,CP,PC,CP,CP
K00165.01,CP,PC,CP,CP
K00166.01,CP,PC,CP,CP
K00167.01,CP,PC,CP,CP
K00168.01,CP,CP,CP,CP
K00168.02,CP,CP,CP,CP
K00168.03,CP,CP,CP,CP
K00171.01,CP,CP,CP,CP
K00171.02,CP,CP,CP,CP
K00172.01,CP,CP,CP,CP
K00172.02,CP,CP,CP,CP
K00173.01,CP,PC,CP,CP
K00174.01,CP,PC,CP,CP
K00176.01,CP,PC,CP,CP
K00177.01,PC,PC,ND,PC
K00179.01,CP,PC,CP,CP
K00179.02,CP,nodata,CP,CP
K00180.01,CP,PC,CP,CP
K00186.01,CP,PC,CP,CP
K00191.01,CP,PC,CP,CP
K00191.02,PC,PC,ND,PC
K00191.03,PC,PC,ND,PC
K00191.04,CP,PC,CP,CP
K00193.01,FP,FP,ND,FP
K00195.01,CP,CP,CP,CP
K00197.01,CP,PC,CP,CP
K00201.01,CP,PC,CP,CP
K00203.01,CP,CP,CP,CP
K00209.01,CP,CP,CP,CP
K00209.02,CP,CP,CP,CP
K00211.01,PC,PC,PC,PC
K00214.01,CP,CP,CP,CP
K00232.01,CP,CP,CP,CP
K00232.02,CP,CP,CP,CP
K00232.03,CP,CP,CP,CP
K00232.04,CP,CP,CP,CP
K00232.05,CP,CP,CP,CP
K00237.01,CP,PC,CP,CP
K00238.01,CP,CP,CP,CP
K00238.02,CP,CP,CP,CP
K00238.03,FP,nodata,FP,FP
K00241.01,CP,CP,CP,CP
K00241.02,CP,CP,CP,CP
K00241.03,CP,CP,CP,CP
K00244.01,CP,CP,CP,CP
K00244.02,CP,CP,CP,CP
K00245.01,CP,CP,CP,CP
K00245.02,CP,CP,CP,CP
K00245.03,CP,nodata,CP,CP
K00245.04,FP,nodata,CP,CP
K00246.01,CP,CP,CP,CP
K00246.02,CP,CP,CP,CP
K00257.01,CP,PC,CP,CP
K00260.01,CP,CP,CP,CP
K00260.02,CP,CP,CP,CP
K00260.03,CP,CP,CP,CP
K00261.01,CP,CP,CP,CP
K00262.01,CP,CP,CP,CP
K00262.02,CP,CP,CP,CP
K00263.01,FP,FP,FP,FP
K00265.01,CP,PC,CP,CP
K00266.01,CP,PC,CP,CP
K00266.02,PC,PC,PC,PC
K00268.01,PC,PC,PC,PC
K00269.01,PC,PC,ND,PC
K00270.01,CP,CP,CP,CP
K00270.02,CP,CP,CP,CP
K00271.01,CP,CP,CP,CP
K00271.02,CP,CP,CP,CP
K00271.03,CP,CP,CP,CP
K00273.01,CP,PC,CP,CP
K00274.01,CP,CP,CP,CP
K00274.02,CP,CP,CP,CP
K00275.01,CP,CP,CP,CP
K00275.02,CP,CP,CP,CP
K00276.01,CP,PC,CP,CP
K00277.01,CP,CP,CP,CP
K00277.02,CP,CP,CP,CP
K00279.01,CP,CP,CP,CP
K00279.02,CP,CP,CP,CP
K00279.03,CP,nodata,CP,CP
K00280.01,PC,PC,ND,PC
K00281.01,CP,PC,CP,CP
K00282.01,CP,CP,CP,CP
K00282.02,CP,CP,CP,CP
K00282.03,CP,CP,CP,CP
K00283.01,CP,CP,CP,CP
K00283.02,CP,CP,CP,CP
K00283.03,PC,PC,nodata,PC
K00284.01,CP,CP,CP,CP
K00284.02,CP,CP,CP,CP
K00284.03,CP,CP,CP,CP
K00284.04,CP,PC,CP,CP
K00285.01,CP,CP,CP,CP
K00285.02,CP,CP,CP,CP
K00285.03,CP,CP,CP,CP
K00288.01,FP,FP,ND,FP
K00289.01,PC,PC,PC,PC
K00289.02,CP,PC,CP,CP
K00291.01,CP,CP,CP,CP
K00291.02,CP,CP,CP,CP
K00292.01,CP,CP,CP,CP
K00294.01,CP,PC,CP,CP
K00295.01,CP,CP,CP,CP
K00295.02,CP,CP,CP,CP
K00296.01,CP,PC,CP,CP
K00297.01,CP,PC,CP,CP
K00299.01,CP,CP,CP,CP
K00301.01,CP,CP,CP,CP
K00301.02,CP,CP,CP,CP
K00303.01,CP,PC,CP,CP
K00304.01,CP,PC,CP,CP
K00304.02,PC,PC,ND,PC
K00305.01,CP,CP,CP,CP
K00306.01,CP,PC,CP,CP
K00307.01,CP,PC,CP,CP
K00307.02,CP,PC,CP,CP
K00308.01,PC,PC,ND,PC
K00312.01,CP,CP,CP,CP
K00312.02,CP,CP,CP,CP
K00313.01,CP,CP,CP,CP
K00313.02,CP,CP,CP,CP
K00315.01,PC,PC,ND,PC
K00316.01,CP,CP,CP,CP
K00316.02,CP,CP,CP,CP
K00316.03,PC,PC,PC,PC
K00317.01,CP,PC,CP,CP
K00318.01,CP,PC,CP,CP
K00319.01,PC,PC,ND,PC
K00321.01,CP,CP,CP,CP
K00321.02,CP,CP,CP,CP
K00323.01,CP,PC,CP,CP
K00327.01,CP,CP,CP,CP
K00327.02,CP,CP,CP,CP
K00328.01,FP,FP,ND,FP
K00330.01,CP,PC,CP,CP
K00330.02,CP,PC,CP,CP
K00331.01,CP,PC,CP,CP
K00332.01,CP,PC,CP,CP
K00332.02,PC,PC,ND,PC
K00333.01,CP,PC,CP,CP
K00337.01,CP,PC,CP,CP
K00337.02,PC,nodata,PC,PC
K00338.01,CP,CP,CP,CP
K00338.02,CP,CP,CP,CP
K00339.01,CP,PC,CP,CP
K00339.02,CP,PC,CP,CP
K00339.03,PC,PC,ND,PC
K00340.01,FP,FP,ND,FP
K00341.01,CP,CP,CP,CP
K00341.02,CP,CP,CP,CP
K00343.01,CP,CP,CP,CP
K00343.02,CP,CP,CP,CP
K00343.03,CP,CP,CP,CP
K00344.01,CP,PC,CP,CP
K00345.01,CP,PC,CP,CP
K00346.01,CP,PC,CP,CP
K00348.01,CP,PC,CP,CP
K00349.01,PC,PC,ND,PC
K00350.01,PC,PC,ND,PC
K00351.01,CP,CP,CP,CP
K00351.02,CP,nodata,CP,CP
K00351.03,CP,nodata,CP,CP
K00351.04,CP,nodata,CP,CP
K00351.05,CP,nodata,CP,CP
K00351.06,CP,nodata,CP,CP
K00351.07,PC,nodata,ND,PC
K00352.01,CP,CP,CP,CP
K00352.02,CP,CP,CP,CP
K00355.01,CP,PC,CP,CP
K00356.01,CP,PC,CP,CP
K00360.01,FP,FP,FP,FP
K00361.01,CP,PC,CP,CP
K00364.01,PC,nodata,ND,PC
K00365.01,CP,PC,CP,CP
K00365.02,FP,nodata,FP,FP
K00367.01,PC,PC,ND,PC
K00369.01,CP,CP,CP,CP
K00369.02,CP,CP,CP,CP
K00370.01,CP,CP,CP,CP
K00370.02,CP,CP,CP,CP
K00371.01,PC,PC,PC,PC
K00371.02,FP,FP,nodata,FP
K00372.01,CP,PC,CP,CP
K00373.01,PC,PC,PC,PC
K00374.01,CP,PC,CP,CP
K00375.01,PC,nodata,ND,PC
K00377.01,CP,CP,CP,CP
K00377.02,CP,nodata,CP,CP
K00377.03,CP,nodata,CP,CP
K00379.01,FP,FP,ND,FP
K00379.02,PC,PC,ND,PC
K00384.01,CP,PC,CP,CP
K00385.01,CP,PC,CP,CP
K00386.01,CP,CP,CP,CP
K00386.02,CP,CP,CP,CP
K00387.01,CP,PC,CP,CP
K00388.01,PC,PC,ND,PC
K00392.01,CP,CP,CP,CP
K00392.02,CP,CP,CP,CP
K00393.01,CP,PC,CP,CP
K00399.01,FP,FP,ND,FP
K00401.01,CP,CP,CP,CP
K00401.02,CP,CP,CP,CP
K00401.03,CP,CP,CP,CP
K00403.01,FP,FP,ND,FP
K00408.01,CP,CP,CP,CP
K00408.02,CP,CP,CP,CP
K00408.03,CP,CP,CP,CP
K00408.04,CP,CP,CP,CP
K00409.01,CP,PC,CP,CP
K00415.01,PC,PC,PC,PC
K00416.01,CP,CP,CP,CP
K00416.02,CP,CP,CP,CP
K00416.03,PC,PC,PC,PC
K00416.04,PC,PC,nodata,PC
K00427.01,PC,PC,PC,PC
K00427.02,CP,PC,CP,CP
K00427.03,CP,PC,CP,CP
K00431.01,CP,CP,CP,CP
K00431.02,CP,CP,CP,CP
K00433.01,CP,PC,CP,CP
K00433.02,CP,PC,CP,CP
K00435.01,CP,PC,CP,CP
K00435.02,PC,nodata,ND,PC
K00435.03,CP,CP,CP,CP
K00435.04,CP,PC,CP,CP
K00435.05,CP,CP,CP,CP
K00435.06,CP,PC,CP,CP
K00439.01,CP,PC,CP,CP
K00439.02,FP,nodata,ND,FP
K00440.01,CP,CP,CP,CP
K00440.02,CP,CP,CP,CP
K00442.01,CP,CP,CP,CP
K00442.02,CP,CP,CP,CP
K00442.03,CP,PC,CP,CP
K00444.01,CP,PC,CP,CP
K00446.01,CP,CP,CP,CP
K00446.02,CP,CP,CP,CP
K00448.01,CP,CP,CP,CP
K00448.02,CP,CP,CP,CP
K00456.01,CP,CP,CP,CP
K00456.02,CP,CP,CP,CP
K00457.01,CP,CP,CP,CP
K00457.02,CP,CP,CP,CP
K00459.01,CP,CP,CP,CP
K00459.02,CP,CP,CP,CP
K00464.01,CP,PC,CP,CP
K00464.02,CP,PC,CP,CP
K00465.01,FP,nodata,ND,FP
K00466.01,PC,PC,ND,PC
K00474.01,CP,CP,CP,CP
K00474.02,CP,CP,CP,CP
K00474.03,PC,PC,PC,PC
K00474.04,CP,CP,CP,CP
K00475.01,CP,CP,CP,CP
K00475.02,CP,CP,CP,CP
K00479.01,CP,PC,CP,CP
K00481.01,CP,CP,CP,CP
K00481.02,CP,PC,CP,CP
K00481.03,CP,CP,CP,CP
K00486.01,CP,PC,CP,CP
K00490.01,CP,CP,CP,CP
K00490.02,CP,nodata,CP,CP
K00490.03,CP,CP,CP,CP
K00490.04,CP,PC,CP,CP
K00500.01,CP,CP,CP,CP
K00500.02,CP,CP,CP,CP
K00500.03,CP,CP,CP,CP
K00500.04,CP,CP,CP,CP
K00500.05,CP,PC,CP,CP
K00505.01,CP,CP,CP,CP
K00505.02,CP,CP,CP,CP
K00505.03,CP,CP,CP,CP
K00505.04,CP,CP,CP,CP
K00505.05,CP,CP,CP,CP
K00508.01,CP,CP,CP,CP
K00508.02,CP,CP,CP,CP
K00509.01,CP,CP,CP,CP
K00509.02,CP,CP,CP,CP
K00509.03,CP,CP,CP,CP
K00510.01,CP,CP,CP,CP
K00510.02,CP,CP,CP,CP
K00510.03,CP,CP,CP,CP
K00510.04,CP,CP,CP,CP
K00511.01,CP,CP,CP,CP
K00511.02,CP,CP,CP,CP
K00517.01,CP,PC,CP,CP
K00518.01,CP,CP,CP,CP
K00518.02,CP,CP,CP,CP
K00518.03,CP,CP,CP,CP
K00519.01,CP,CP,CP,CP
K00519.02,CP,CP,CP,CP
K00520.01,CP,CP,CP,CP
K00520.02,CP,CP,CP,CP
K00520.03,CP,CP,CP,CP
K00520.04,CP,PC,CP,CP
K00523.01,CP,CP,CP,CP
K00523.02,CP,CP,CP,CP
K00528.01,CP,CP,CP,CP
K00528.02,CP,CP,CP,CP
K00528.03,CP,CP,CP,CP
K00534.01,CP,CP,CP,CP
K00534.02,CP,CP,CP,CP
K00543.01,CP,CP,CP,CP
K00543.02,CP,CP,CP,CP
K00546.01,CP,CP,CP,CP
K00546.02,CP,CP,CP,CP
K00548.01,CP,PC,CP,CP
K00550.01,CP,PC,CP,CP
K00551.01,CP,CP,CP,CP
K00551.02,CP,CP,CP,CP
K00555.01,CP,PC,CP,CP
K00555.02,PC,PC,PC,PC
K00561.01,CP,PC,CP,CP
K00564.01,CP,PC,CP,CP
K00564.02,CP,PC,CP,CP
K00564.03,CP,PC,CP,CP
K00567.01,CP,CP,CP,CP
K00567.02,CP,CP,CP,CP
K00567.03,CP,CP,CP,CP
K00568.01,CP,PC,CP,CP
K00568.02,CP,PC,CP,CP
K00569.01,CP,CP,CP,CP
K00569.02,CP,CP,CP,CP
K00572.01,CP,CP,CP,CP
K00572.02,CP,CP,CP,CP
K00573.01,CP,CP,CP,CP
K00573.02,CP,CP,CP,CP
K00574.01,CP,CP,CP,CP
K00574.02,CP,CP,CP,CP
K00577.01,PC,PC,ND,PC
K00577.02,CP,PC,CP,CP
K00579.01,CP,CP,CP,CP
K00579.02,CP,CP,CP,CP
K00582.01,CP,PC,CP,CP
K00582.02,CP,CP,CP,CP
K00582.03,CP,CP,CP,CP
K00584.01,CP,CP,CP,CP
K00584.02,CP,CP,CP,CP
K00584.03,CP,PC,CP,CP
K00590.01,CP,CP,CP,CP
K00590.02,CP,CP,CP,CP
K00597.01,CP,CP,CP,CP
K00597.02,CP,CP,CP,CP
K00597.03,CP,CP,CP,CP
K00598.01,CP,CP,CP,CP
K00598.02,CP,CP,CP,CP
K00600.01,CP,PC,CP,CP
K00600.02,PC,nodata,PC,PC
K00601.01,CP,PC,CP,CP
K00601.02,PC,PC,ND,PC
K00601.03,CP,PC,CP,CP
K00611.01,PC,PC,ND,PC
K00612.01,CP,CP,CP,CP
K00612.02,CP,CP,CP,CP
K00612.03,PC,PC,PC,PC
K00620.01,CP,CP,CP,CP
K00620.02,CP,CP,CP,CP
K00620.03,CP,CP,CP,CP
K00623.01,CP,CP,CP,CP
K00623.02,CP,CP,CP,CP
K00623.03,CP,CP,CP,CP
K00623.04,CP,CP,CP,CP
K00624.01,CP,CP,CP,CP
K00624.02,CP,CP,CP,CP
K00624.03,CP,PC,CP,CP
K00626.01,CP,PC,CP,CP
K00626.02,PC,PC,ND,PC
K00627.01,CP,PC,CP,CP
K00627.02,CP,PC,CP,CP
K00628.01,CP,PC,CP,CP
K00629.01,CP,PC,CP,CP
K00632.01,CP,PC,CP,CP
K00633.01,CP,PC,CP,CP
K00635.01,PC,PC,ND,PC
K00638.01,CP,CP,CP,CP
K00638.02,CP,CP,CP,CP
K00639.01,CP,PC,CP,CP
K00640.01,CP,PC,CP,CP
K00644.01,FP,FP,ND,FP
K00645.01,CP,PC,CP,CP
K00645.02,PC,PC,ND,PC
K00647.01,CP,PC,CP,CP
K00647.02,PC,PC,ND,PC
K00649.01,CP,PC,CP,CP
K00649.02,PC,nodata,PC,PC
K00650.01,PC,PC,ND,PC
K00654.01,CP,CP,CP,CP
K00654.02,CP,CP,CP,CP
K00655.01,CP,CP,CP,CP
K00655.02,CP,CP,CP,CP
K00657.01,CP,CP,CP,CP
K00657.02,CP,CP,CP,CP
K00658.01,CP,CP,CP,CP
K00658.02,CP,CP,CP,CP
K00658.03,CP,CP,CP,CP
K00659.01,CP,PC,CP,CP
K00660.01,CP,PC,CP,CP
K00661.01,CP,CP,CP,CP
K00661.02,CP,CP,CP,CP
K00662.01,CP,PC,CP,CP
K00664.01,CP,CP,CP,CP
K00664.02,CP,CP,CP,CP
K00664.03,CP,CP,CP,CP
K00665.01,CP,CP,CP,CP
K00665.02,CP,CP,CP,CP
K00665.03,CP,CP,CP,CP
K00666.01,CP,PC,CP,CP
K00670.01,CP,PC,CP,CP
K00671.01,CP,CP,CP,CP
K00671.02,CP,CP,CP,CP
K00671.03,CP,CP,CP,CP
K00671.04,CP,CP,CP,CP
K00672.01,CP,CP,CP,CP
K00672.02,CP,CP,CP,CP
K00672.03,FP,FP,ND,FP
K00673.01,CP,PC,CP,CP
K00674.01,CP,PC,CP,CP
K00678.01,CP,CP,CP,CP
K00678.02,CP,CP,CP,CP
K00679.01,CP,CP,CP,CP
K00679.02,CP,CP,CP,CP
K00680.01,CP,CP,CP,CP
K00682.01,PC,nodata,ND,PC
K00683.01,PC,PC,PC,PC
K00684.01,PC,PC,ND,PC
K00685.01,CP,PC,CP,CP
K00686.01,PC,PC,PC,PC
K00687.01,PC,PC,ND,PC
K00688.01,CP,PC,CP,CP
K00689.01,CP,PC,CP,CP
K00691.01,PC,PC,ND,PC
K00691.02,CP,PC,CP,CP
K00692.01,CP,CP,CP,CP
K00692.02,CP,CP,CP,CP
K00693.01,CP,CP,CP,CP
K00693.02,CP,CP,CP,CP
K00694.01,CP,PC,CP,CP
K00695.01,CP,PC,CP,CP
K00697.01,CP,PC,CP,CP
K00700.01,CP,CP,CP,CP
K00700.02,CP,CP,CP,CP
K00700.03,CP,CP,CP,CP
K00700.04,CP,CP,CP,CP
K00701.01,CP,CP,CP,CP
K00701.02,CP,CP,CP,CP
K00701.03,CP,CP,CP,CP
K00701.04,CP,CP,CP,CP
K00701.05,CP,CP,CP,CP
K00703.01,FP,FP,ND,FP
K00704.01,PC,PC,ND,PC
K00707.01,CP,CP,CP,CP
K00707.02,CP,CP,CP,CP
K00707.03,CP,CP,CP,CP
K00707.04,CP,CP,CP,CP
K00707.05,CP,CP,CP,CP
K00708.01,CP,CP,CP,CP
K00708.02,CP,CP,CP,CP
K00709.01,CP,PC,CP,CP
K00710.01,CP,CP,CP,CP
K00710.02,CP,CP,CP,CP
K00710.03,CP,PC,CP,CP
K00711.01,CP,CP,CP,CP
K00711.02,CP,CP,CP,CP
K00711.03,CP,PC,CP,CP
K00712.01,FP,FP,FP,FP
K00714.01,CP,PC,CP,CP
K00717.01,CP,PC,CP,CP
K00717.02,CP,PC,CP,CP
K00718.01,CP,CP,CP,CP
K00718.02,CP,CP,CP,CP
K00718.03,CP,CP,CP,CP
K00719.01,CP,CP,CP,CP
K00719.02,CP,CP,CP,CP
K00719.03,CP,CP,CP,CP
K00719.04,CP,CP,CP,CP
K00720.01,CP,CP,CP,CP
K00720.02,CP,CP,CP,CP
K00720.03,CP,CP,CP,CP
K00720.04,CP,CP,CP,CP
K00721.01,CP,PC,CP,CP
K00722.01,CP,PC,CP,CP
K00723.01,CP,CP,CP,CP
K00723.02,CP,CP,CP,CP
K00723.03,CP,CP,CP,CP
K00730.01,CP,CP,CP,CP
K00730.02,CP,CP,CP,CP
K00730.03,CP,CP,CP,CP
K00730.04,CP,CP,CP,CP
K00732.01,CP,PC,CP,CP
K00732.02,PC,PC,ND,PC
K00732.03,PC,PC,ND,PC
K00733.01,CP,CP,CP,CP
K00733.02,CP,CP,CP,CP
K00733.03,CP,CP,CP,CP
K00733.04,CP,CP,CP,CP
K00734.01,CP,PC,CP,CP
K00734.02,PC,PC,PC,PC
K00738.01,CP,CP,CP,CP
K00738.02,CP,CP,CP,CP
K00749.01,CP,CP,CP,CP
K00749.02,CP,CP,CP,CP
K00749.03,CP,CP,CP,CP
K00752.01,CP,CP,CP,CP
K00752.02,CP,CP,CP,CP
K00756.01,CP,CP,CP,CP
K00756.02,CP,CP,CP,CP
K00756.03,CP,CP,CP,CP
K00757.01,CP,CP,CP,CP
K00757.02,CP,CP,CP,CP
K00757.03,CP,CP,CP,CP
K00759.01,CP,CP,CP,CP
K00759.02,CP,CP,CP,CP
K00760.01,PC,PC,ND,PC
K00771.01,PC,nodata,ND,PC
K00800.01,CP,CP,CP,CP
K00800.02,CP,CP,CP,CP
K00806.01,CP,CP,CP,CP
K00806.02,CP,CP,CP,CP
K00806.03,CP,nodata,CP,CP
K00806.04,FP,nodata,ND,FP
K00806.05,FP,nodata,ND,FP
K00825.01,CP,CP,CP,CP
K00825.02,CP,CP,CP,CP
K00829.01,CP,CP,CP,CP
K00829.02,CP,CP,CP,CP
K00829.03,CP,CP,CP,CP
K00834.01,CP,CP,CP,CP
K00834.02,CP,CP,CP,CP
K00834.03,CP,CP,CP,CP
K00834.04,CP,CP,CP,CP
K00834.05,CP,CP,CP,CP
K00835.01,CP,CP,CP,CP
K00835.02,CP,CP,CP,CP
K00837.01,CP,CP,CP,CP
K00837.02,CP,CP,CP,CP
K00841.01,CP,CP,CP,CP
K00841.02,CP,CP,CP,CP
K00841.03,PC,PC,PC,PC
K00841.04,PC,PC,PC,PC
K00841.05,FP,nodata,FP,FP
K00853.01,CP,CP,CP,CP
K00853.02,CP,CP,CP,CP
K00857.01,CP,CP,CP,CP
K00857.02,CP,CP,CP,CP
K00864.01,CP,CP,CP,CP
K00864.02,CP,CP,CP,CP
K00864.03,CP,CP,CP,CP
K00869.01,CP,CP,CP,CP
K00869.02,CP,CP,CP,CP
K00869.03,CP,CP,CP,CP
K00869.04,CP,PC,CP,CP
K00870.01,CP,CP,CP,CP
K00870.02,CP,CP,CP,CP
K00872.01,CP,CP,CP,CP
K00872.02,CP,CP,CP,CP
K00874.01,CP,CP,CP,CP
K00874.02,CP,CP,CP,CP
K00880.01,CP,CP,CP,CP
K00880.02,CP,CP,CP,CP
K00880.03,CP,CP,CP,CP
K00880.04,CP,CP,CP,CP
K00881.01,CP,PC,CP,CP
K00881.02,CP,PC,CP,CP
K00884.01,CP,CP,CP,CP
K00884.02,CP,CP,CP,CP
K00884.03,CP,CP,CP,CP
K00889.01,CP,CP,CP,CP
K00892.01,CP,PC,CP,CP
K00892.02,PC,PC,ND,PC
K00896.01,CP,CP,CP,CP
K00896.02,CP,CP,CP,CP
K00896.03,PC,PC,PC,PC
K00906.01,CP,CP,CP,CP
K00906.02,CP,CP,CP,CP
K00906.03,CP,CP,CP,CP
K00907.01,CP,CP,CP,CP
K00907.02,CP,CP,CP,CP
K00907.03,CP,CP,CP,CP
K00907.04,CP,CP,CP,CP
K00918.01,CP,PC,CP,CP
K00918.02,FP,nodata,ND,FP
K00921.01,CP,CP,CP,CP
K00921.02,CP,CP,CP,CP
K00921.03,CP,CP,CP,CP
K00934.01,CP,CP,CP,CP
K00934.02,CP,CP,CP,CP
K00934.03,CP,CP,CP,CP
K00935.01,CP,CP,CP,CP
K00935.02,CP,CP,CP,CP
K00935.03,CP,CP,CP,CP
K00935.04,PC,PC,ND,PC
K00939.01,CP,CP,CP,CP
K00939.02,CP,CP,CP,CP
K00939.03,CP,CP,CP,CP
K00939.04,CP,CP,CP,CP
K00941.01,CP,CP,CP,CP
K00941.02,CP,CP,CP,CP
K00941.03,CP,CP,CP,CP
K00954.01,CP,CP,CP,CP
K00954.02,CP,CP,CP,CP
K00958.01,PC,PC,ND,PC
K00974.01,PC,PC,PC,PC
K00975.01,CP,CP,CP,CP
K00981.01,FP,nodata,ND,FP
K00986.01,CP,CP,CP,CP
K00986.02,CP,CP,CP,CP
K00987.01,CP,PC,CP,CP
K00988.01,CP,CP,CP,CP
K00988.02,CP,CP,CP,CP
K00991.01,CP,PC,CP,CP
K00993.01,CP,CP,CP,CP
K00993.02,CP,CP,CP,CP
K00993.03,PC,PC,PC,PC
K00999.01,CP,CP,CP,CP
K00999.02,CP,CP,CP,CP
K01001.01,CP,CP,CP,CP
K01001.02,CP,CP,CP,CP
K01002.01,CP,PC,CP,CP
K01010.01,FP,nodata,ND,FP
K01015.01,CP,PC,CP,CP
K01015.02,CP,PC,CP,CP
K01015.03,PC,PC,PC,PC
K01019.01,FP,nodata,ND,FP
K01032.01,PC,nodata,ND,PC
K01050.01,CP,PC,CP,CP
K01050.02,CP,PC,CP,CP
K01052.01,CP,CP,CP,CP
K01052.02,CP,CP,CP,CP
K01052.03,CP,CP,CP,CP
K01052.04,CP,CP,CP,CP
K01054.01,FP,nodata,ND,FP
K01060.01,CP,PC,CP,CP
K01060.02,CP,PC,CP,CP
K01060.03,CP,PC,CP,CP
K01060.04,CP,PC,CP,CP
K01069.01,CP,PC,CP,CP
K01069.02,CP,PC,CP,CP
K01089.01,CP,CP,CP,CP
K01089.02,PC,PC,PC,PC
K01102.01,CP,CP,CP,CP
K01102.02,CP,CP,CP,CP
K01102.03,CP,CP,CP,CP
K01102.04,CP,CP,CP,CP
K01113.01,CP,CP,CP,CP
K01113.02,CP,CP,CP,CP
K01115.01,CP,PC,CP,CP
K01116.01,CP,PC,CP,CP
K01117.01,CP,PC,CP,CP
K01118.01,PC,PC,ND,PC
K01120.01,FP,FP,ND,FP
K01126.01,FP,FP,FP,FP
K01126.02,PC,PC,nodata,PC
K01127.01,CP,CP,CP,CP
K01127.02,CP,CP,CP,CP
K01127.03,PC,PC,ND,PC
K01128.01,CP,PC,CP,CP
K01145.01,PC,PC,ND,PC
K01148.01,CP,CP,CP,CP
K01148.02,CP,CP,CP,CP
K01150.01,CP,PC,CP,CP
K01151.01,CP,CP,CP,CP
K01151.02,CP,CP,CP,CP
K01151.03,CP,PC,CP,CP
K01151.04,PC,PC,ND,PC
K01151.05,PC,PC,ND,PC
K01161.01,CP,CP,CP,CP
K01161.02,CP,CP,CP,CP
K01161.03,CP,CP,CP,CP
K01162.01,CP,PC,CP,CP
K01163.01,CP,CP,CP,CP
K01163.02,CP,CP,CP,CP
K01165.01,PC,PC,ND,PC
K01165.02,CP,PC,CP,CP
K01168.01,PC,nodata,ND,PC
K01169.01,PC,PC,ND,PC
K01175.01,CP,PC,CP,CP
K01175.02,PC,PC,ND,PC
K01196.01,FP,FP,FP,FP
K01196.02,CP,CP,CP,CP
K01196.03,CP,CP,CP,CP
K01198.01,CP,CP,CP,CP
K01198.02,CP,CP,CP,CP
K01198.03,CP,CP,CP,CP
K01198.04,PC,nodata,ND,PC
K01199.01,CP,PC,CP,CP
K01203.01,CP,CP,CP,CP
K01203.02,CP,CP,CP,CP
K01203.03,CP,CP,CP,CP
K01206.01,PC,nodata,ND,PC
K01208.01,PC,nodata,ND,PC
K01209.01,PC,nodata,ND,PC
K01215.01,CP,CP,CP,CP
K01215.02,CP,CP,CP,CP
K01216.01,CP,PC,CP,CP
K01218.01,CP,PC,CP,CP
K01220.01,CP,PC,CP,CP
K01221.01,CP,CP,CP,CP
K01221.02,CP,CP,CP,CP
K01222.01,FP,nodata,ND,FP
K01230.01,PC,PC,PC,PC
K01239.01,PC,PC,ND,PC
K01239.02,PC,PC,ND,PC
K01240.01,CP,CP,CP,CP
K01240.02,CP,CP,CP,CP
K01241.01,CP,CP,CP,CP
K01241.02,CP,CP,CP,CP
K01242.01,PC,PC,PC,PC
K01257.01,CP,CP,CP,CP
K01270.01,CP,CP,CP,CP
K01270.02,CP,CP,CP,CP
K01271.01,PC,PC,PC,PC
K01274.01,CP,nodata,CP,CP
K01275.01,CP,PC,CP,CP
K01276.01,PC,PC,ND,PC
K01276.02,PC,PC,ND,PC
K01278.01,CP,CP,CP,CP
K01278.02,CP,CP,CP,CP
K01278.03,CP,CP,CP,CP
K01278.04,CP,CP,CP,CP
K01279.01,CP,PC,CP,CP
K01279.02,CP,PC,CP,CP
K01282.01,CP,PC,CP,CP
K01283.01,CP,PC,CP,CP
K01288.01,CP,PC,CP,CP
K01299.01,CP,CP,CP,CP
K01300.01,CP,PC,CP,CP
K01301.01,CP,CP,CP,CP
K01301.02,CP,CP,CP,CP
K01305.01,CP,CP,CP,CP
K01305.02,CP,CP,CP,CP
K01306.01,CP,CP,CP,CP
K01306.02,CP,CP,CP,CP
K01306.03,CP,CP,CP,CP
K01306.04,CP,CP,CP,CP
K01307.01,CP,CP,CP,CP
K01307.02,CP,CP,CP,CP
K01308.01,CP,PC,CP,CP
K01311.01,PC,PC,PC,PC
K01314.01,CP,PC,CP,CP
K01315.01,PC,PC,ND,PC
K01316.01,PC,PC,ND,PC
K01316.02,PC,nodata,ND,PC
K01332.01,CP,CP,CP,CP
K01332.02,CP,CP,CP,CP
K01332.03,CP,CP,CP,CP
K01335.01,CP,PC,CP,CP
K01336.01,CP,CP,CP,CP
K01336.02,CP,CP,CP,CP
K01336.03,CP,CP,CP,CP
K01336.04,PC,PC,ND,PC
K01338.01,CP,PC,CP,CP
K01338.02,FP,FP,ND,FP
K01338.03,FP,FP,ND,FP
K01344.01,CP,PC,CP,CP
K01353.01,CP,CP,CP,CP
K01353.02,CP,CP,CP,CP
K01356.01,PC,nodata,ND,PC
K01359.01,PC,PC,PC,PC
K01359.02,PC,PC,PC,PC
K01360.01,CP,CP,CP,CP
K01360.02,CP,CP,CP,CP
K01360.03,PC,PC,ND,PC
K01363.01,CP,CP,CP,CP
K01363.02,CP,CP,CP,CP
K01364.01,CP,CP,CP,CP
K01364.02,CP,CP,CP,CP
K01364.03,CP,CP,CP,CP
K01364.04,CP,CP,CP,CP
K01364.05,CP,CP,CP,CP
K01366.01,CP,CP,CP,CP
K01366.02,CP,CP,CP,CP
K01367.01,CP,PC,CP,CP
K01375.01,PC,PC,PC,PC
K01378.01,PC,PC,ND,PC
K01378.02,FP,FP,ND,FP
K01379.01,CP,PC,CP,CP
K01396.01,CP,CP,CP,CP
K01396.02,CP,CP,CP,CP
K01411.01,PC,PC,ND,PC
K01412.01,CP,PC,CP,CP
K01413.01,CP,CP,CP,CP
K01413.02,CP,CP,CP,CP
K01413.03,CP,CP,CP,CP
K01421.01,PC,nodata,ND,PC
K01426.01,CP,CP,CP,CP
K01426.02,CP,CP,CP,CP
K01426.03,PC,PC,PC,PC
K01428.01,CP,PC,CP,CP
K01431.01,PC,PC,PC,PC
K01432.01,CP,CP,CP,CP
K01432.02,CP,CP,CP,CP
K01432.03,CP,CP,CP,CP
K01432.04,CP,CP,CP,CP
K01436.01,CP,CP,CP,CP
K01436.02,CP,CP,CP,CP
K01436.03,CP,CP,CP,CP
K01438.01,CP,PC,CP,CP
K01439.01,CP,PC,CP,CP
K01442.01,CP,CP,CP,CP
K01444.01,CP,PC,CP,CP
K01445.01,CP,PC,CP,CP
K01445.02,PC,nodata,ND,PC
K01445.03,PC,nodata,ND,PC
K01463.01,PC,nodata,ND,PC
K01466.01,PC,PC,PC,PC
K01474.01,CP,CP,CP,CP
K01477.01,PC,PC,PC,PC
K01478.01,CP,PC,CP,CP
K01480.01,CP,PC,CP,CP
K01480.02,PC,PC,ND,PC
K01483.01,PC,PC,PC,PC
K01486.01,CP,CP,CP,CP
K01486.02,CP,CP,CP,CP
K01528.01,CP,PC,CP,CP
K01529.01,CP,CP,CP,CP
K01529.02,CP,CP,CP,CP
K01530.01,CP,PC,CP,CP
K01531.01,CP,PC,CP,CP
K01532.01,CP,PC,CP,CP
K01533.01,CP,PC,CP,CP
K01534.01,CP,PC,CP,CP
K01534.02,CP,PC,CP,CP
K01535.01,CP,PC,CP,CP
K01536.01,CP,PC,CP,CP
K01537.01,PC,PC,ND,PC
K01546.01,PC,nodata,ND,PC
K01557.01,CP,CP,CP,CP
K01557.02,CP,CP,CP,CP
K01557.03,CP,CP,CP,CP
K01557.04,CP,PC,CP,CP
K01563.01,CP,CP,CP,CP
K01563.02,CP,CP,CP,CP
K01563.03,PC,PC,ND,PC
K01563.04,CP,CP,CP,CP
K01567.01,CP,CP,CP,CP
K01567.02,CP,CP,CP,CP
K01567.03,CP,CP,CP,CP
K01567.04,CP,CP,CP,CP
K01576.01,CP,CP,CP,CP
K01576.02,CP,CP,CP,CP
K01576.03,PC,nodata,ND,PC
K01581.01,PC,PC,PC,PC
K01581.02,CP,PC,CP,CP
K01589.01,CP,CP,CP,CP
K01589.02,CP,CP,CP,CP
K01589.03,CP,CP,CP,CP
K01589.04,CP,CP,CP,CP
K01589.05,CP,CP,CP,CP
K01590.01,PC,PC,ND,PC
K01590.02,PC,PC,ND,PC
K01590.03,PC,PC,ND,PC
K01596.01,CP,CP,CP,CP
K01596.02,CP,CP,CP,CP
K01598.01,CP,CP,CP,CP
K01598.02,CP,CP,CP,CP
K01598.03,CP,CP,CP,CP
K01601.01,CP,PC,CP,CP
K01601.02,CP,PC,CP,CP
K01606.01,CP,PC,CP,CP
K01608.01,CP,CP,CP,CP
K01608.02,CP,CP,CP,CP
K01608.03,PC,PC,PC,PC
K01609.01,CP,PC,CP,CP
K01612.01,CP,CP,CP,CP
K01615.01,CP,PC,CP,CP
K01616.01,CP,PC,CP,CP
K01616.02,PC,nodata,PC,PC
K01618.01,CP,PC,CP,CP
K01619.01,PC,PC,ND,PC
K01621.01,CP,PC,CP,CP
K01623.01,FP,FP,FP,FP
K01628.01,CP,CP,CP,CP
K01628.02,CP,CP,CP,CP
K01628.03,FP,FP,FP,FP
K01629.01,CP,PC,CP,CP
K01632.01,CP,PC,CP,CP
K01639.01,FP,nodata,ND,FP
K01639.02,PC,nodata,ND,PC
K01647.01,CP,CP,CP,CP
K01647.02,CP,CP,CP,CP
K01647.03,PC,PC,ND,PC
K01655.01,CP,PC,CP,CP
K01665.01,CP,PC,CP,CP
K01665.02,PC,nodata,ND,PC
K01666.01,FP,FP,ND,FP
K01669.01,CP,PC,CP,CP
K01688.01,CP,PC,CP,CP
K01692.01,CP,CP,CP,CP
K01692.02,CP,CP,CP,CP
K01695.01,CP,PC,CP,CP
K01706.01,CP,PC,CP,CP
K01707.01,CP,CP,CP,CP
K01707.02,CP,CP,CP,CP
K01715.01,PC,PC,PC,PC
K01726.01,CP,PC,CP,CP
K01738.01,PC,PC,ND,PC
K01739.01,PC,nodata,ND,PC
K01751.01,CP,PC,CP,CP
K01751.02,PC,PC,ND,PC
K01754.01,PC,PC,ND,PC
K01779.01,CP,CP,CP,CP
K01779.02,CP,CP,CP,CP
K01781.01,CP,PC,CP,CP
K01781.02,CP,CP,CP,CP
K01781.03,PC,PC,PC,PC
K01783.01,PC,PC,PC,PC
K01783.02,PC,PC,PC,PC
K01792.01,CP,PC,CP,CP
K01792.02,FP,FP,FP,FP
K01792.03,CP,PC,CP,CP
K01796.01,PC,PC,ND,PC
K01797.01,CP,PC,CP,CP
K01800.01,CP,CP,CP,CP
K01802.01,CP,PC,CP,CP
K01803.01,PC,PC,ND,PC
K01803.02,FP,FP,FP,FP
K01803.03,FP,FP,nodata,FP
K01805.01,CP,CP,CP,CP
K01805.02,CP,CP,CP,CP
K01805.03,CP,CP,CP,CP
K01806.01,FP,FP,FP,FP
K01806.02,CP,CP,CP,CP
K01806.03,CP,CP,CP,CP
K01808.01,PC,PC,PC,PC
K01809.01,CP,CP,CP,CP
K01809.02,CP,CP,CP,CP
K01812.01,PC,PC,ND,PC
K01813.01,CP,PC,CP,CP
K01815.01,CP,PC,CP,CP
K01818.01,CP,PC,CP,CP
K01819.01,CP,PC,CP,CP
K01820.01,CP,CP,CP,CP
K01820.02,CP,CP,CP,CP
K01822.01,PC,PC,PC,PC
K01824.01,CP,CP,CP,CP
K01824.02,CP,CP,CP,CP
K01825.01,CP,PC,CP,CP
K01826.01,CP,PC,CP,CP
K01831.01,CP,CP,CP,CP
K01831.02,CP,CP,CP,CP
K01831.03,PC,PC,ND,PC
K01831.04,PC,PC,PC,PC
K01832.01,CP,CP,CP,CP
K01832.02,CP,CP,CP,CP
K01832.03,CP,CP,CP,CP
K01835.01,CP,CP,CP,CP
K01835.02,CP,CP,CP,CP
K01835.03,CP,CP,CP,CP
K01837.01,CP,PC,CP,CP
K01837.02,CP,PC,CP,CP
K01839.01,CP,PC,CP,CP
K01839.02,PC,nodata,PC,PC
K01841.01,CP,PC,CP,CP
K01845.01,CP,PC,CP,CP
K01845.02,PC,PC,ND,PC
K01848.01,CP,PC,CP,CP
K01850.01,CP,PC,CP,CP
K01852.01,CP,PC,CP,CP
K01854.01,CP,PC,CP,CP
K01856.01,PC,PC,ND,PC
K01857.01,PC,PC,PC,PC
K01858.01,CP,PC,CP,CP
K01858.02,PC,nodata,ND,PC
K01860.01,CP,CP,CP,CP
K01860.02,CP,CP,CP,CP
K01860.03,PC,PC,PC,PC
K01860.04,PC,PC,PC,PC
K01861.01,PC,PC,ND,PC
K01862.01,CP,PC,CP,CP
K01863.01,PC,PC,ND,PC
K01864.01,PC,PC,ND,PC
K01871.01,PC,PC,PC,PC
K01871.02,PC,PC,PC,PC
K01875.01,CP,PC,CP,CP
K01875.02,CP,PC,CP,CP
K01877.01,CP,PC,CP,CP
K01878.01,PC,PC,ND,PC
K01883.01,CP,PC,CP,CP
K01886.01,CP,PC,CP,CP
K01888.01,CP,PC,CP,CP
K01889.01,CP,PC,CP,CP
K01889.02,PC,PC,ND,PC
K01890.01,CP,PC,CP,CP
K01891.01,CP,CP,CP,CP
K01891.02,CP,CP,CP,CP
K01893.01,CP,PC,CP,CP
K01894.01,CP,PC,CP,CP
K01897.01,PC,PC,PC,PC
K01898.01,CP,PC,CP,CP
K01901.01,PC,PC,PC,PC
K01904.01,CP,PC,CP,CP
K01905.01,CP,CP,CP,CP
K01905.02,CP,CP,CP,CP
K01905.03,CP,CP,CP,CP
K01909.01,CP,CP,CP,CP
K01909.02,CP,CP,CP,CP
K01909.03,CP,CP,CP,CP
K01913.01,CP,PC,CP,CP
K01915.01,CP,CP,CP,CP
K01915.02,CP,CP,CP,CP
K01916.01,CP,CP,CP,CP
K01916.02,CP,CP,CP,CP
K01916.03,CP,CP,CP,CP
K01917.01,PC,PC,ND,PC
K01921.01,CP,PC,CP,CP
K01922.01,CP,PC,CP,CP
K01922.02,PC,nodata,ND,PC
K01922.03,CP,PC,CP,CP
K01923.01,CP,PC,CP,CP
K01924.01,FP,FP,FP,FP
K01925.01,CP,CP,CP,CP
K01928.01,PC,PC,PC,PC
K01929.01,CP,CP,CP,CP
K01929.02,CP,CP,CP,CP
K01930.01,CP,CP,CP,CP
K01930.02,CP,CP,CP,CP
K01930.03,CP,CP,CP,CP
K01930.04,CP,CP,CP,CP
K01931.01,CP,CP,CP,CP
K01931.02,CP,CP,CP,CP
K01931.03,CP,CP,CP,CP
K01938.01,CP,PC,CP,CP
K01944.01,PC,PC,ND,PC
K01944.02,FP,nodata,FP,FP
K01945.01,CP,PC,CP,CP
K01945.02,PC,nodata,ND,PC
K01947.01,PC,PC,ND,PC
K01951.01,CP,PC,CP,CP
K01952.01,CP,CP,CP,CP
K01952.02,CP,CP,CP,CP
K01952.03,CP,CP,CP,CP
K01952.04,CP,CP,CP,CP
K01955.01,CP,CP,CP,CP
K01955.02,CP,CP,CP,CP
K01955.03,CP,PC,CP,CP
K01955.04,CP,CP,CP,CP
K01958.01,CP,CP,CP,CP
K01960.01,CP,CP,CP,CP
K01960.02,CP,CP,CP,CP
K01961.01,CP,PC,CP,CP
K01961.02,FP,nodata,ND,FP
K01962.01,PC,PC,ND,PC
K01963.01,PC,PC,ND,PC
K01964.01,PC,PC,ND,PC
K01970.01,CP,CP,CP,CP
K01970.02,CP,CP,CP,CP
K01978.01,CP,CP,CP,CP
K01978.02,CP,CP,CP,CP
K01979.01,CP,PC,CP,CP
K01980.01,CP,PC,CP,CP
K01984.01,PC,PC,ND,PC
K01985.01,PC,PC,ND,PC
K01988.01,CP,PC,CP,CP
K01989.01,CP,PC,CP,CP
K01992.01,CP,CP,CP,CP
K01992.02,CP,CP,CP,CP
K01992.03,FP,FP,ND,FP
K02001.01,PC,PC,ND,PC
K02002.01,CP,PC,CP,CP
K02004.01,CP,PC,CP,CP
K02004.02,CP,PC,CP,CP
K02004.03,PC,PC,ND,PC
K02007.01,CP,PC,CP,CP
K02007.02,CP,PC,CP,CP
K02009.01,PC,PC,PC,PC
K02010.01,CP,PC,CP,CP
K02011.01,CP,CP,CP,CP
K02011.02,CP,CP,CP,CP
K02012.01,CP,PC,CP,CP
K02012.02,PC,nodata,PC,PC
K02016.01,CP,PC,CP,CP
K02017.01,CP,PC,CP,CP
K02022.01,CP,CP,CP,CP
K02022.02,CP,CP,CP,CP
K02026.01,CP,PC,CP,CP
K02029.01,CP,CP,CP,CP
K02029.02,CP,CP,CP,CP
K02029.03,PC,PC,ND,PC
K02029.04,PC,PC,ND,PC
K02033.01,CP,PC,CP,CP
K02035.01,CP,PC,CP,CP
K02037.01,PC,PC,PC,PC
K02037.02,PC,PC,PC,PC
K02037.03,PC,PC,PC,PC
K02038.01,CP,CP,CP,CP
K02038.02,CP,CP,CP,CP
K02038.03,CP,nodata,CP,CP
K02038.04,CP,CP,CP,CP
K02039.01,PC,PC,ND,PC
K02039.02,CP,PC,CP,CP
K02040.01,PC,PC,ND,PC
K02043.01,PC,PC,PC,PC
K02044.01,CP,PC,CP,CP
K02046.01,CP,PC,CP,CP
K02047.01,CP,PC,CP,CP
K02048.01,CP,PC,CP,CP
K02048.02,FP,FP,PC,FP
K02049.01,CP,PC,CP,CP
K02051.01,CP,CP,CP,CP
K02051.02,CP,CP,CP,CP
K02053.01,CP,CP,CP,CP
K02053.02,CP,CP,CP,CP
K02071.01,CP,PC,CP,CP
K02072.01,CP,PC,CP,CP
K02073.01,CP,CP,CP,CP
K02073.02,CP,CP,CP,CP
K02073.03,CP,CP,CP,CP
K02076.01,PC,PC,PC,PC
K02076.02,CP,PC,CP,CP
K02079.01,CP,PC,CP,CP
K02081.01,PC,PC,PC,PC
K02081.02,FP,nodata,FP,FP
K02082.01,PC,PC,ND,PC
K02083.01,PC,PC,ND,PC
K02086.01,CP,CP,CP,CP
K02086.02,CP,CP,CP,CP
K02086.03,CP,CP,CP,CP
K02086.04,FP,nodata,FP,FP
K02087.01,CP,PC,CP,CP
K02092.01,CP,CP,CP,CP
K02092.02,CP,CP,CP,CP
K02092.03,CP,CP,CP,CP
K02093.01,PC,PC,ND,PC
K02093.02,PC,PC,ND,PC
K02093.03,PC,PC,ND,PC
K02094.01,PC,PC,PC,PC
K02094.02,CP,PC,CP,CP
K02098.01,CP,PC,CP,CP
K02098.02,CP,PC,CP,CP
K02105.01,CP,PC,CP,CP
K02109.01,CP,PC,CP,CP
K02110.01,CP,PC,CP,CP
K02111.01,CP,CP,CP,CP
K02111.02,CP,CP,CP,CP
K02115.01,CP,CP,CP,CP
K02119.01,CP,PC,CP,CP
K02120.01,PC,PC,ND,PC
K02135.01,CP,CP,CP,CP
K02135.02,PC,PC,PC,PC
K02135.03,CP,CP,CP,CP
K02137.01,CP,PC,CP,CP
K02143.01,CP,PC,CP,CP
K02147.01,CP,CP,CP,CP
K02147.02,CP,CP,CP,CP
K02148.01,CP,CP,CP,CP
K02148.02,CP,CP,CP,CP
K02148.03,CP,CP,CP,CP
K02149.01,CP,PC,CP,CP
K02153.01,CP,CP,CP,CP
K02153.02,CP,CP,CP,CP
K02158.01,PC,PC,ND,PC
K02158.02,PC,PC,ND,PC
K02159.01,PC,PC,ND,PC
K02159.02,FP,FP,ND,FP
K02162.01,CP,PC,CP,CP
K02162.02,PC,PC,PC,PC
K02167.01,CP,PC,CP,CP
K02167.02,PC,nodata,ND,PC
K02167.03,CP,PC,CP,CP
K02168.01,CP,CP,CP,CP
K02168.02,CP,CP,CP,CP
K02169.01,CP,PC,CP,CP
K02169.02,PC,PC,ND,PC
K02169.03,PC,PC,ND,PC
K02169.04,PC,PC,ND,PC
K02173.01,CP,CP,CP,CP
K02173.02,CP,CP,CP,CP
K02175.01,CP,CP,CP,CP
K02175.02,CP,CP,CP,CP
K02183.01,CP,CP,CP,CP
K02183.02,CP,CP,CP,CP
K02183.03,PC,nodata,PC,PC
K02188.01,FP,FP,FP,FP
K02188.02,PC,nodata,ND,PC
K02194.01,CP,CP,CP,CP
K02194.02,CP,CP,CP,CP
K02194.03,PC,nodata,PC,PC
K02195.01,CP,CP,CP,CP
K02195.02,CP,CP,CP,CP
K02195.03,CP,CP,CP,CP
K02201.01,PC,PC,PC,PC
K02202.01,CP,PC,CP,CP
K02208.01,CP,PC,CP,CP
K02218.01,CP,CP,CP,CP
K02218.02,CP,CP,CP,CP
K02219.01,PC,PC,ND,PC
K02220.01,CP,CP,CP,CP
K02220.02,CP,CP,CP,CP
K02220.03,CP,CP,CP,CP
K02220.04,PC,PC,ND,PC
K02220.05,PC,nodata,ND,PC
K02228.01,FP,nodata,FP,FP
K02236.01,CP,CP,CP,CP
K02236.02,CP,CP,CP,CP
K02246.01,CP,PC,CP,CP
K02248.01,PC,PC,ND,PC
K02248.02,PC,nodata,ND,PC
K02248.03,FP,FP,ND,FP
K02248.04,PC,nodata,ND,PC
K02250.01,PC,PC,ND,PC
K02250.02,PC,PC,ND,PC
K02252.01,CP,PC,CP,CP
K02260.01,CP,PC,CP,CP
K02261.01,CP,PC,CP,CP
K02261.02,PC,nodata,ND,PC
K02273.01,CP,PC,CP,CP
K02278.01,CP,CP,CP,CP
K02278.02,CP,CP,CP,CP
K02279.01,CP,CP,CP,CP
K02279.02,CP,CP,CP,CP
K02281.01,CP,PC,CP,CP
K02281.02,FP,nodata,FP,FP
K02287.01,CP,CP,CP,CP
K02287.02,CP,CP,CP,CP
K02289.01,CP,CP,CP,CP
K02289.02,CP,CP,CP,CP
K02290.01,PC,PC,PC,PC
K02295.01,PC,PC,ND,PC
K02300.01,CP,PC,CP,CP
K02312.01,PC,nodata,ND,PC
K02319.01,PC,PC,ND,PC
K02331.01,CP,PC,CP,CP
K02332.01,PC,PC,ND,PC
K02333.01,CP,CP,CP,CP
K02333.02,CP,CP,CP,CP
K02335.01,CP,PC,CP,CP
K02339.01,CP,PC,CP,CP
K02339.02,PC,nodata,ND,PC
K02342.01,CP,PC,CP,CP
K02352.01,CP,CP,CP,CP
K02352.02,CP,CP,CP,CP
K02352.03,PC,PC,ND,PC
K02357.01,PC,PC,ND,PC
K02357.02,PC,PC,ND,PC
K02358.01,PC,PC,PC,PC
K02365.01,CP,CP,CP,CP
K02365.02,CP,CP,CP,CP
K02366.01,CP,PC,CP,CP
K02367.01,PC,PC,ND,PC
K02369.01,CP,PC,CP,CP
K02369.02,PC,nodata,ND,PC
K02369.03,PC,PC,nodata,PC
K02370.01,PC,PC,PC,PC
K02372.01,CP,PC,CP,CP
K02374.01,CP,CP,CP,CP
K02374.02,CP,CP,CP,CP
K02389.01,CP,PC,CP,CP
K02390.01,CP,PC,CP,CP
K02393.01,PC,PC,PC,PC
K02393.02,PC,PC,PC,PC
K02396.01,FP,FP,ND,FP
K02398.01,PC,PC,ND,PC
K02399.01,CP,PC,CP,CP
K02403.01,CP,PC,CP,CP
K02407.01,CP,PC,CP,CP
K02408.01,CP,PC,CP,CP
K02409.01,CP,PC,CP,CP
K02410.01,PC,nodata,ND,PC
K02410.02,PC,nodata,ND,PC
K02414.01,CP,CP,CP,CP
K02414.02,CP,CP,CP,CP
K02422.01,CP,PC,CP,CP
K02422.02,PC,PC,PC,PC
K02426.01,CP,PC,CP,CP
K02433.01,CP,CP,CP,CP
K02433.02,CP,CP,CP,CP
K02433.03,PC,PC,PC,PC
K02433.04,PC,PC,PC,PC
K02433.05,FP,FP,ND,FP
K02433.06,PC,PC,PC,PC
K02433.07,PC,nodata,PC,PC
K02440.01,CP,PC,CP,CP
K02442.01,CP,CP,CP,CP
K02442.02,CP,CP,CP,CP
K02443.01,CP,CP,CP,CP
K02443.02,CP,CP,CP,CP
K02462.01,PC,PC,ND,PC
K02463.01,CP,PC,CP,CP
K02469.01,PC,PC,PC,PC
K02470.01,FP,FP,ND,FP
K02473.01,CP,CP,CP,CP
K02473.02,FP,nodata,ND,FP
K02473.03,CP,CP,CP,CP
K02474.01,PC,nodata,ND,PC
K02479.01,PC,PC,ND,PC
K02481.01,PC,nodata,ND,PC
K02484.01,CP,PC,CP,CP
K02486.01,PC,PC,ND,PC
K02488.01,CP,PC,CP,CP
K02492.01,CP,PC,CP,CP
K02498.01,CP,CP,CP,CP
K02498.02,CP,CP,CP,CP
K02503.01,PC,PC,ND,PC
K02516.01,PC,PC,ND,PC
K02517.01,CP,PC,CP,CP
K02521.01,CP,PC,CP,CP
K02521.02,PC,PC,ND,PC
K02522.01,PC,PC,ND,PC
K02529.01,CP,PC,CP,CP
K02529.02,CP,CP,CP,CP
K02530.01,CP,PC,CP,CP
K02533.01,CP,PC,CP,CP
K02533.02,FP,nodata,ND,FP
K02533.03,PC,nodata,PC,PC
K02534.01,CP,PC,CP,CP
K02534.02,PC,PC,ND,PC
K02538.01,PC,PC,ND,PC
K02541.01,CP,CP,CP,CP
K02541.02,CP,CP,CP,CP
K02545.01,CP,PC,CP,CP
K02547.01,PC,PC,ND,PC
K02555.01,CP,PC,CP,CP
K02556.01,CP,PC,CP,CP
K02559.01,PC,PC,ND,PC
K02561.01,CP,PC,CP,CP
K02563.01,CP,PC,CP,CP
K02563.02,PC,nodata,ND,PC
K02564.01,CP,PC,CP,CP
K02564.02,PC,PC,nodata,PC
K02571.01,PC,PC,ND,PC
K02581.01,PC,PC,ND,PC
K02582.01,PC,PC,ND,PC
K02583.01,PC,PC,ND,PC
K02585.01,CP,CP,CP,CP
K02585.02,CP,CP,CP,CP
K02585.03,PC,PC,ND,PC
K02590.01,FP,nodata,ND,FP
K02590.02,PC,PC,ND,PC
K02593.01,CP,PC,CP,CP
K02595.01,CP,CP,CP,CP
K02595.02,CP,CP,CP,CP
K02597.01,CP,CP,CP,CP
K02597.02,CP,CP,CP,CP
K02597.03,PC,PC,ND,PC
K02603.01,PC,PC,PC,PC
K02607.01,PC,PC,ND,PC
K02608.01,CP,PC,CP,CP
K02612.01,PC,PC,ND,PC
K02612.02,PC,PC,ND,PC
K02623.01,CP,PC,CP,CP
K02623.02,PC,PC,nodata,PC
K02631.01,PC,PC,ND,PC
K02631.02,FP,nodata,ND,FP
K02632.01,CP,PC,CP,CP
K02635.01,CP,PC,CP,CP
K02636.01,PC,PC,ND,PC
K02636.02,PC,PC,nodata,PC
K02639.01,PC,PC,ND,PC
K02639.02,PC,nodata,ND,PC
K02640.01,PC,nodata,ND,PC
K02641.01,PC,PC,ND,PC
K02657.01,PC,PC,ND,PC
K02659.01,PC,nodata,ND,PC
K02668.01,CP,PC,CP,CP
K02672.01,CP,CP,CP,CP
K02672.02,CP,CP,CP,CP
K02674.01,FP,FP,PC,FP
K02674.02,CP,PC,CP,CP
K02674.03,CP,PC,CP,CP
K02675.01,CP,PC,CP,CP
K02675.02,PC,PC,ND,PC
K02676.01,FP,FP,FP,FP
K02677.01,PC,PC,PC,PC
K02678.01,CP,PC,CP,CP
K02681.01,CP,CP,CP,CP
K02681.02,CP,CP,CP,CP
K02686.01,PC,PC,PC,PC
K02687.01,PC,PC,ND,PC
K02687.02,PC,PC,ND,PC
K02690.01,FP,FP,ND,FP
K02694.01,CP,PC,CP,CP
K02694.02,PC,PC,ND,PC
K02698.01,CP,PC,CP,CP
K02706.01,PC,PC,ND,PC
K02707.01,CP,CP,CP,CP
K02707.02,CP,CP,CP,CP
K02707.03,CP,CP,CP,CP
K02711.01,CP,CP,CP,CP
K02711.02,CP,CP,CP,CP
K02712.01,PC,PC,ND,PC
K02714.01,CP,CP,CP,CP
K02714.02,CP,CP,CP,CP
K02714.03,CP,PC,CP,CP
K02717.01,CP,PC,CP,CP
K02720.01,PC,PC,ND,PC
K02722.01,CP,CP,CP,CP
K02722.02,CP,CP,CP,CP
K02722.03,CP,CP,CP,CP
K02722.04,CP,CP,CP,CP
K02722.05,PC,PC,ND,PC
K02729.01,CP,PC,CP,CP
K02730.01,CP,PC,CP,CP
K02732.01,CP,CP,CP,CP
K02732.02,CP,PC,CP,CP
K02732.03,CP,CP,CP,CP
K02732.04,PC,PC,PC,PC
K02733.01,PC,PC,ND,PC
K02737.01,FP,FP,ND,FP
K02740.01,FP,FP,ND,FP
K02741.01,FP,FP,FP,FP
K02743.01,CP,PC,CP,CP
K02748.01,CP,PC,CP,CP
K02748.02,CP,PC,CP,CP
K02749.01,FP,FP,ND,FP
K02750.01,PC,PC,PC,PC
K02752.01,FP,FP,ND,FP
K02753.01,CP,PC,CP,CP
K02754.01,CP,PC,CP,CP
K02755.01,PC,PC,ND,PC
K02756.01,CP,PC,CP,CP
K02756.02,PC,PC,nodata,PC
K02758.01,PC,PC,PC,PC
K02762.01,CP,PC,CP,CP
K02763.01,FP,FP,ND,FP
K02765.01,FP,FP,ND,FP
K02768.01,CP,nodata,CP,CP
K02768.02,CP,nodata,CP,CP
K02768.03,FP,PC,FP,PC
K02769.01,FP,FP,FP,FP
K02771.01,FP,FP,FP,FP
K02781.01,FP,FP,ND,FP
K02785.01,CP,PC,CP,CP
K02786.01,CP,PC,CP,CP
K02790.01,CP,PC,CP,CP
K02792.01,CP,PC,CP,CP
K02796.01,FP,FP,ND,FP
K02801.01,PC,PC,ND,PC
K02803.01,PC,PC,ND,PC
K02805.01,CP,PC,CP,CP
K02807.01,PC,PC,ND,PC
K02815.01,PC,PC,ND,PC
K02828.01,CP,PC,CP,CP
K02828.02,FP,FP,PC,FP
K02829.01,PC,PC,ND,PC
K02831.01,FP,FP,ND,FP
K02832.01,CP,PC,CP,CP
K02833.01,PC,PC,ND,PC
K02838.01,CP,PC,CP,CP
K02838.02,CP,PC,CP,CP
K02840.01,PC,PC,ND,PC
K02840.02,PC,PC,ND,PC
K02841.01,PC,PC,PC,PC
K02848.01,PC,PC,ND,PC
K02857.01,CP,PC,CP,CP
K02857.02,CP,PC,CP,CP
K02859.01,CP,PC,CP,CP
K02859.02,CP,PC,CP,CP
K02859.03,PC,PC,ND,PC
K02859.04,PC,nodata,ND,PC
K02859.05,PC,PC,nodata,PC
K02863.01,FP,FP,FP,FP
K02864.01,FP,FP,ND,FP
K02866.01,CP,PC,CP,CP
K02874.01,FP,FP,ND,FP
K02875.01,FP,FP,ND,FP
K02879.01,FP,FP,ND,FP
K02884.01,FP,FP,ND,FP
K02885.01,FP,FP,ND,FP
K02891.01,FP,FP,FP,FP
K02896.01,FP,FP,ND,FP
K02896.02,FP,FP,nodata,FP
K02904.01,CP,PC,CP,CP
K02906.01,CP,PC,CP,CP
K02906.02,PC,nodata,PC,PC
K02913.01,CP,PC,CP,CP
K02915.01,PC,PC,ND,PC
K02916.01,PC,PC,ND,PC
K02925.01,PC,PC,ND,PC
K02926.01,CP,PC,CP,CP
K02926.02,CP,PC,CP,CP
K02926.03,CP,PC,CP,CP
K02926.04,CP,PC,CP,CP
K02931.01,CP,PC,CP,CP
K02943.01,CP,PC,CP,CP
K02949.01,PC,PC,ND,PC
K02949.02,PC,PC,ND,PC
K02951.01,CP,PC,CP,CP
K02956.01,CP,PC,CP,CP
K02960.01,FP,FP,ND,FP
K02961.01,CP,PC,CP,CP
K02964.01,CP,PC,CP,CP
K02968.01,PC,PC,ND,PC
K02969.01,FP,FP,FP,FP
K02970.01,PC,PC,ND,PC
K02971.01,PC,PC,PC,PC
K02971.02,PC,nodata,PC,PC
K02974.01,FP,FP,ND,FP
K02977.01,CP,PC,CP,CP
K02977.02,CP,PC,CP,CP
K02979.01,FP,FP,ND,FP
K02984.01,PC,PC,ND,PC
K03008.01,CP,PC,CP,CP
K03009.01,CP,PC,CP,CP
K03012.01,FP,FP,ND,FP
K03015.01,CP,PC,CP,CP
K03017.01,PC,PC,ND,PC
K03021.01,FP,FP,ND,FP
K03023.01,FP,FP,ND,FP
K03032.01,CP,PC,CP,CP
K03039.01,CP,PC,CP,CP
K03046.01,FP,nodata,ND,FP
K03052.01,PC,PC,ND,PC
K03052.02,PC,PC,ND,PC
K03057.01,CP,CP,CP,CP
K03057.02,CP,CP,CP,CP
K03060.01,CP,PC,CP,CP
K03065.01,PC,PC,ND,PC
K03075.01,PC,PC,ND,PC
K03083.01,PC,PC,ND,PC
K03083.02,PC,nodata,ND,PC
K03083.03,PC,nodata,ND,PC
K03086.01,PC,PC,PC,PC
K03087.01,FP,FP,ND,FP
K03087.02,FP,nodata,ND,FP
K03093.01,CP,PC,CP,CP
K03096.01,CP,PC,CP,CP
K03097.01,CP,CP,CP,CP
K03097.02,CP,CP,CP,CP
K03097.03,CP,CP,CP,CP
K03100.01,FP,FP,FP,FP
K03103.01,FP,nodata,ND,FP
K03109.01,CP,PC,CP,CP
K03111.01,PC,PC,ND,PC
K03111.02,PC,PC,ND,PC
K03114.01,PC,PC,ND,PC
K03117.01,PC,PC,ND,PC
K03122.01,CP,PC,CP,CP
K03125.01,CP,PC,CP,CP
K03128.01,PC,PC,ND,PC
K03130.01,PC,PC,ND,PC
K03130.02,PC,PC,ND,PC
K03132.01,FP,FP,ND,FP
K03146.01,CP,PC,CP,CP
K03158.01,CP,nodata,CP,CP
K03158.02,CP,CP,CP,CP
K03158.03,CP,CP,CP,CP
K03158.04,CP,CP,CP,CP
K03158.05,CP,CP,CP,CP
K03165.01,PC,PC,ND,PC
K03167.01,FP,FP,ND,FP
K03168.01,PC,PC,PC,PC
K03172.01,FP,FP,ND,FP
K03172.02,FP,nodata,ND,FP
K03179.01,PC,PC,ND,PC
K03180.01,FP,nodata,ND,FP
K03184.01,PC,PC,ND,PC
K03184.02,FP,nodata,ND,FP
K03184.03,PC,PC,nodata,PC
K03190.01,PC,PC,ND,PC
K03193.01,PC,PC,ND,PC
K03194.01,PC,PC,ND,PC
K03195.01,FP,nodata,ND,FP
K03196.01,PC,PC,ND,PC
K03196.02,PC,PC,ND,PC
K03197.01,PC,PC,ND,PC
K03201.01,FP,nodata,ND,FP
K03202.01,FP,FP,PC,FP
K03203.01,PC,PC,PC,PC
K03208.01,PC,PC,ND,PC
K03214.01,PC,PC,PC,PC
K03214.02,PC,PC,PC,PC
K03215.01,FP,FP,ND,FP
K03218.01,FP,FP,FP,FP
K03220.01,CP,PC,CP,CP
K03224.01,PC,PC,ND,PC
K03225.01,PC,PC,ND,PC
K03227.01,FP,FP,ND,FP
K03232.01,PC,PC,ND,PC
K03233.01,FP,nodata,ND,FP
K03234.01,CP,PC,CP,CP
K03236.01,PC,PC,ND,PC
K03237.01,CP,PC,CP,CP
K03239.01,FP,FP,ND,FP
K03240.01,FP,FP,FP,FP
K03244.01,FP,PC,FP,PC
K03245.01,CP,PC,CP,CP
K03246.01,CP,PC,CP,CP
K03248.01,PC,PC,ND,PC
K03249.01,FP,FP,FP,FP
K03251.01,FP,nodata,ND,FP
K03254.01,FP,FP,ND,FP
K03277.01,CP,PC,CP,CP
K03278.01,FP,PC,FP,PC
K03283.01,FP,nodata,ND,FP
K03283.02,PC,PC,PC,PC
K03283.03,PC,nodata,PC,PC
K03287.01,CP,PC,CP,CP
K03288.01,CP,PC,CP,CP
K03301.01,PC,PC,ND,PC
K03308.01,CP,PC,CP,CP
K03308.02,CP,PC,CP,CP
K03310.01,PC,PC,ND,PC
K03315.01,CP,PC,CP,CP
K03338.01,FP,FP,FP,FP
K03338.02,FP,FP,FP,FP
K03340.01,PC,PC,ND,PC
K03340.02,PC,PC,ND,PC
K03346.01,CP,PC,CP,CP
K03358.01,PC,PC,ND,PC
K03363.01,CP,PC,CP,CP
K03371.01,PC,nodata,PC,PC
K03371.02,CP,PC,CP,CP
K03378.01,FP,FP,ND,FP
K03382.01,FP,FP,ND,FP
K03384.01,PC,PC,ND,PC
K03384.02,CP,PC,CP,CP
K03403.01,CP,PC,CP,CP
K03403.02,PC,PC,ND,PC
K03419.01,PC,PC,PC,PC
K03421.01,PC,PC,ND,PC
K03422.01,PC,PC,ND,PC
K03425.01,PC,PC,ND,PC
K03425.02,PC,PC,ND,PC
K03425.03,PC,PC,nodata,PC
K03436.01,CP,PC,CP,CP
K03438.01,CP,PC,CP,CP
K03451.01,PC,PC,ND,PC
K03456.01,CP,PC,CP,CP
K03456.02,PC,nodata,PC,PC
K03465.01,CP,PC,CP,CP
K03473.01,PC,PC,ND,PC
K03474.01,PC,PC,PC,PC
K03497.01,CP,PC,CP,CP
K03500.01,PC,PC,PC,PC
K03500.02,FP,FP,ND,FP
K03503.01,PC,PC,PC,PC
K03503.02,PC,PC,PC,PC
K03541.01,PC,PC,PC,PC
K03608.01,PC,PC,PC,PC
K03641.01,FP,PC,FP,PC
K03641.02,FP,nodata,FP,FP
K03663.01,CP,CP,CP,CP
K03678.01,CP,PC,CP,CP
K03680.01,PC,PC,PC,PC
K03681.01,CP,PC,CP,CP
K03681.02,PC,PC,PC,PC
K03683.01,CP,PC,CP,CP
K03689.01,PC,PC,ND,PC
K03726.01,PC,PC,PC,PC
K03770.01,PC,PC,ND,PC
K03780.01,PC,PC,ND,PC
K03787.01,PC,PC,PC,PC
K03791.01,CP,PC,CP,CP
K03791.02,CP,PC,CP,CP
K03801.01,PC,PC,PC,PC
K03811.01,PC,PC,PC,PC
K03823.01,PC,PC,PC,PC
K03835.01,CP,PC,CP,CP
K03853.01,PC,PC,ND,PC
K03864.01,PC,PC,ND,PC
K03864.02,PC,nodata,ND,PC
K03867.01,CP,PC,CP,CP
K03871.01,FP,FP,FP,FP
K03876.01,PC,PC,ND,PC
K03880.01,PC,PC,ND,PC
K03886.01,PC,PC,ND,PC
K03889.01,FP,FP,FP,FP
K03890.01,PC,PC,PC,PC
K03891.01,PC,PC,ND,PC
K03892.01,CP,PC,CP,CP
K03907.01,PC,PC,ND,PC
K03908.01,PC,PC,PC,PC
K03913.01,PC,PC,ND,PC
K03925.01,PC,PC,ND,PC
K03925.02,CP,PC,CP,CP
K03925.03,CP,PC,CP,CP
K03928.01,CP,PC,CP,CP
K03936.01,FP,PC,FP,PC
K03936.02,PC,PC,PC,PC
K03943.01,PC,PC,ND,PC
K03946.01,CP,PC,CP,CP
K03980.01,FP,FP,ND,FP
K03991.01,PC,PC,ND,PC
K04002.01,PC,PC,ND,PC
K04004.01,PC,PC,ND,PC
K04005.01,CP,CP,CP,CP
K04011.01,FP,FP,ND,FP
K04014.01,PC,PC,PC,PC
K04018.01,FP,FP,ND,FP
K04021.01,PC,PC,ND,PC
K04021.02,PC,PC,ND,PC
K04022.01,FP,FP,ND,FP
K04024.01,CP,PC,CP,CP
K04032.01,CP,PC,CP,CP
K04032.02,CP,PC,CP,CP
K04032.03,CP,PC,CP,CP
K04032.04,CP,PC,CP,CP
K04032.05,PC,PC,nodata,PC
K04036.01,CP,PC,CP,CP
K04037.01,PC,PC,PC,PC
K04053.01,PC,PC,ND,PC
K04054.01,PC,PC,PC,PC
K04060.01,PC,PC,PC,PC
K04062.01,FP,FP,ND,FP
K04066.01,PC,PC,PC,PC
K04067.01,PC,PC,ND,PC
K04070.01,FP,FP,ND,FP
K04072.01,CP,PC,CP,CP
K04098.01,PC,PC,ND,PC
K04103.01,CP,PC,CP,CP
K04103.02,PC,PC,PC,PC
K04109.01,PC,PC,ND,PC
K04121.01,CP,PC,CP,CP
K04123.01,PC,PC,ND,PC
K04129.01,PC,PC,ND,PC
K04136.01,PC,PC,ND,PC
K04136.02,PC,PC,ND,PC
K04144.01,PC,PC,ND,PC
K04146.01,CP,PC,CP,CP
K04156.01,PC,PC,ND,PC
K04157.01,PC,PC,ND,PC
K04157.02,PC,PC,nodata,PC
K04159.01,CP,PC,CP,CP
K04160.01,CP,PC,CP,CP
K04184.01,PC,PC,ND,PC
K04188.01,PC,PC,ND,PC
K04190.01,CP,PC,CP,CP
K04198.01,FP,FP,ND,FP
K04199.01,CP,PC,CP,CP
K04204.01,CP,PC,CP,CP
K04212.01,CP,PC,CP,CP
K04212.02,PC,PC,ND,PC
K04215.01,CP,PC,CP,CP
K04222.01,CP,PC,CP,CP
K04226.01,PC,PC,ND,PC
K04230.01,CP,PC,CP,CP
K04235.01,PC,PC,PC,PC
K04245.01,PC,PC,ND,PC
K04246.01,CP,PC,CP,CP
K04246.02,PC,nodata,PC,PC
K04251.01,PC,PC,ND,PC
K04257.01,FP,FP,ND,FP
K04269.01,PC,PC,ND,PC
K04269.02,FP,FP,ND,FP
K04273.01,PC,PC,ND,PC
K04276.01,CP,PC,CP,CP
K04287.01,PC,PC,PC,PC
K04287.02,PC,PC,PC,PC
K04288.01,CP,PC,CP,CP
K04288.02,PC,PC,ND,PC
K04288.03,FP,FP,nodata,FP
K04292.01,CP,PC,CP,CP
K04296.01,PC,PC,ND,PC
K04298.01,FP,FP,ND,FP
K04298.02,FP,FP,nodata,FP
K04301.01,CP,PC,CP,CP
K04301.02,PC,PC,nodata,PC
K04302.01,PC,PC,ND,PC
K04304.01,CP,PC,CP,CP
K04312.01,CP,PC,CP,CP
K04318.01,PC,nodata,ND,PC
K04323.01,PC,PC,PC,PC
K04323.02,FP,FP,FP,FP
K04329.01,PC,PC,ND,PC
K04335.01,CP,PC,CP,CP
K04343.01,PC,PC,ND,PC
K04356.01,CP,PC,CP,CP
K04366.01,PC,PC,ND,PC
K04367.01,PC,PC,PC,PC
K04368.01,FP,FP,FP,FP
K04368.02,PC,PC,ND,PC
K04374.01,PC,PC,ND,PC
K04382.01,CP,PC,CP,CP
K04382.02,PC,nodata,ND,PC
K04383.01,CP,PC,CP,CP
K04383.02,PC,PC,nodata,PC
K04385.01,PC,PC,PC,PC
K04385.02,CP,PC,CP,CP
K04385.03,PC,PC,PC,PC
K04399.01,PC,PC,ND,PC
K04400.01,CP,PC,CP,CP
K04407.01,PC,PC,ND,PC
K04409.01,PC,PC,ND,PC
K04411.01,CP,PC,CP,CP
K04418.01,PC,nodata,ND,PC
K04421.01,PC,PC,ND,PC
K04421.02,PC,PC,nodata,PC
K04423.01,PC,PC,ND,PC
K04426.01,PC,nodata,ND,PC
K04430.01,FP,FP,ND,FP
K04431.01,PC,PC,ND,PC
K04431.02,FP,nodata,ND,FP
K04435.01,PC,PC,PC,PC
K04435.02,PC,nodata,PC,PC
K04441.01,CP,PC,CP,CP
K04443.01,PC,PC,ND,PC
K04446.01,CP,PC,CP,CP
K04452.01,PC,PC,ND,PC
K04457.01,PC,PC,PC,PC
K04469.01,FP,FP,ND,FP
K04473.01,CP,PC,CP,CP
K04480.01,PC,PC,PC,PC
K04482.01,PC,PC,ND,PC
K04505.01,PC,PC,ND,PC
K04546.01,PC,PC,ND,PC
K04556.01,FP,FP,ND,FP
K04557.01,PC,PC,ND,PC
K04561.01,CP,PC,CP,CP
K04567.01,PC,PC,PC,PC
K04567.02,PC,PC,PC,PC
K04575.01,PC,nodata,PC,PC
K04580.01,PC,PC,ND,PC
K04581.01,PC,PC,ND,PC
K04582.01,PC,PC,ND,PC
K04585.01,CP,PC,CP,CP
K04588.01,PC,PC,ND,PC
K04601.01,PC,PC,ND,PC
K04603.01,PC,PC,ND,PC
K04605.01,PC,PC,ND,PC
K04613.01,PC,PC,ND,PC
K04614.01,PC,PC,ND,PC
K04617.01,CP,PC,CP,CP
K04633.01,PC,PC,ND,PC
K04634.01,PC,PC,ND,PC
K04637.01,PC,PC,ND,PC
K04640.01,CP,PC,CP,CP
K04647.01,PC,PC,PC,PC
K04647.02,PC,PC,PC,PC
K04651.01,PC,PC,ND,PC
K04653.01,PC,PC,ND,PC
K04657.01,FP,FP,PC,FP
K04657.02,PC,PC,PC,PC
K04659.01,PC,PC,ND,PC
K04663.01,PC,PC,ND,PC
K04665.01,FP,nodata,FP,FP
K04674.01,PC,PC,ND,PC
K04686.01,PC,PC,ND,PC
K04693.01,CP,PC,CP,CP
K04699.01,PC,PC,ND,PC
K04706.01,CP,PC,CP,CP
K04715.01,PC,PC,PC,PC
K04716.01,PC,PC,ND,PC
K04716.02,PC,PC,nodata,PC
K04717.01,PC,nodata,ND,PC
K04725.01,PC,PC,ND,PC
K04744.01,FP,FP,ND,FP
K04745.01,CP,CP,CP,CP
K04746.01,FP,FP,ND,FP
K04763.01,PC,PC,PC,PC
K04765.01,CP,PC,CP,CP
K04771.01,PC,nodata,PC,PC
K04773.01,PC,PC,ND,PC
K04774.01,PC,PC,PC,PC
K04775.01,PC,PC,ND,PC
K04792.01,PC,PC,ND,PC
K04811.01,PC,PC,ND,PC
K04822.01,PC,PC,ND,PC
K04829.01,PC,PC,ND,PC
K04829.02,FP,nodata,ND,FP
K04833.01,PC,PC,ND,PC
K04834.01,PC,PC,ND,PC
K04839.01,PC,nodata,ND,PC
K04841.01,FP,nodata,ND,FP
K04850.01,PC,PC,ND,PC
K04864.01,PC,PC,ND,PC
K04881.01,PC,PC,ND,PC
K04881.02,FP,FP,nodata,FP
K04887.01,FP,FP,ND,FP
K04892.01,PC,PC,ND,PC
K04898.01,PC,nodata,PC,PC
K04902.01,PC,nodata,PC,PC
K04907.01,PC,PC,ND,PC
K04941.01,FP,nodata,FP,FP
K04961.01,PC,nodata,PC,PC
K04978.01,PC,nodata,PC,PC
K05018.01,PC,PC,PC,PC
K05021.01,PC,nodata,PC,PC
K05039.01,FP,nodata,FP,FP
K05048.01,PC,nodata,PC,PC
K05057.01,PC,nodata,PC,PC
K05084.01,CP,PC,CP,CP
K05085.01,PC,nodata,PC,PC
K05107.01,PC,nodata,PC,PC
K05119.01,PC,nodata,PC,PC
K05124.01,PC,PC,PC,PC
K05135.01,PC,nodata,PC,PC
K05155.01,PC,PC,PC,PC
K05159.01,FP,nodata,FP,FP
K05198.01,FP,nodata,FP,FP
K05216.01,PC,nodata,PC,PC
K05236.01,PC,PC,PC,PC
K05241.01,PC,PC,PC,PC
K05247.01,PC,nodata,PC,PC
K05269.01,PC,nodata,PC,PC
K05278.01,PC,PC,PC,PC
K05284.01,PC,PC,PC,PC
K05290.01,PC,nodata,PC,PC
K05324.01,PC,nodata,PC,PC
K05375.01,PC,nodata,PC,PC
K05379.01,PC,nodata,PC,PC
K05380.01,PC,nodata,PC,PC
K05393.01,PC,nodata,PC,PC
K05423.01,PC,nodata,PC,PC
K05546.01,PC,nodata,PC,PC
K05567.01,PC,PC,PC,PC
K05592.01,PC,nodata,PC,PC
K05612.01,PC,nodata,PC,PC
K05613.01,PC,nodata,PC,PC
K05622.01,CP,PC,CP,CP
K05625.01,PC,PC,PC,PC
K05626.01,PC,nodata,PC,PC
K05645.01,PC,nodata,PC,PC
K05689.01,PC,nodata,PC,PC
K05702.01,PC,nodata,PC,PC
K05706.01,CP,PC,CP,CP
K05782.01,PC,nodata,PC,PC
K05790.01,PC,PC,PC,PC
K05792.01,PC,PC,PC,PC
K05798.01,PC,nodata,PC,PC
K05837.01,PC,nodata,PC,PC
K05850.01,PC,PC,PC,PC
K05852.01,PC,nodata,PC,PC
K05855.01,PC,PC,PC,PC
K05869.01,PC,nodata,PC,PC
K05877.01,PC,nodata,PC,PC
K05888.01,PC,nodata,PC,PC
K05900.01,FP,nodata,FP,FP
K05900.02,FP,FP,nodata,FP
K05924.01,PC,nodata,PC,PC
K05929.01,PC,PC,PC,PC
K05932.01,PC,nodata,PC,PC
K05949.01,PC,nodata,PC,PC
K05953.01,PC,nodata,PC,PC
K06102.01,PC,nodata,PC,PC
K06384.01,PC,PC,nodata,PC
K06425.01,PC,PC,nodata,PC
K06676.01,PC,PC,nodata,PC
K06734.01,PC,PC,nodata,PC
K06745.01,PC,PC,nodata,PC
K06759.01,PC,PC,nodata,PC
K06786.01,PC,PC,nodata,PC
K06883.01,FP,FP,nodata,FP
K06927.01,FP,FP,nodata,FP
K06971.01,PC,PC,nodata,PC
K06981.01,FP,FP,nodata,FP
K07016.01,CP,CP,nodata,CP
K07040.01,PC,PC,nodata,PC
K07136.01,PC,PC,nodata,PC
K07179.01,PC,PC,nodata,PC
K07223.01,PC,PC,nodata,PC
K07235.01,PC,PC,nodata,PC
K07345.01,PC,PC,nodata,PC
K07566.01,FP,FP,nodata,FP
K07587.01,PC,PC,nodata,PC
K07599.01,PC,PC,nodata,PC
K07605.01,FP,FP,nodata,FP
KIC8435766.01,CP,nodata,nodata,nodata
KIC11187332.01,CP,nodata,nodata,nodata
KIC2718885.01,CP,nodata,nodata,nodata
KIC6359893.01,CP,nodata,nodata,nodata
